url,video_id,playlist_id,channel_id
https://www.youtube.com/watch?v=p63n3TZrlfE,p63n3TZrlfE,PL897F24428E6D825C,UC8p1vwvWtl6T73JiExfWs1g
https://www.youtube.com/watch?v=ee6_PoHJOjk,ee6_PoHJOjk,PL897F24428E6D825C,UC8p1vwvWtl6T73JiExfWs1g
https://www.youtube.com/watch?v=nk8XnHs6eqk,nk8XnHs6eqk,PL897F24428E6D825C,UC8p1vwvWtl6T73JiExfWs1g
https://www.youtube.com/watch?v=-gMjYC0O7jc,-gMjYC0O7jc,PL897F24428E6D825C,UC8p1vwvWtl6T73JiExfWs1g
https://www.youtube.com/watch?v=7zJhsTi1qqU,7zJhsTi1qqU,PL897F24428E6D825C,UC8p1vwvWtl6T73JiExfWs1g
https://www.youtube.com/watch?v=uScrp7Q6JSo,uScrp7Q6JSo,PL897F24428E6D825C,UC8p1vwvWtl6T73JiExfWs1g
https://www.youtube.com/watch?v=uH9_vSzRFK0,uH9_vSzRFK0,PL897F24428E6D825C,UC8p1vwvWtl6T73JiExfWs1g
https://www.youtube.com/watch?v=J4ki93EqjHU,J4ki93EqjHU,PL897F24428E6D825C,UC8p1vwvWtl6T73JiExfWs1g
https://www.youtube.com/watch?v=mqhHEoDOmb0,mqhHEoDOmb0,PL897F24428E6D825C,UC8p1vwvWtl6T73JiExfWs1g
https://www.youtube.com/watch?v=6INyVTllV3I,6INyVTllV3I,PL897F24428E6D825C,UC8p1vwvWtl6T73JiExfWs1g
https://www.youtube.com/watch?v=-ReM2N-Gx48,-ReM2N-Gx48,PL897F24428E6D825C,UC8p1vwvWtl6T73JiExfWs1g
https://www.youtube.com/watch?v=U-PFky9A0eI,U-PFky9A0eI,PL897F24428E6D825C,UC8p1vwvWtl6T73JiExfWs1g
https://www.youtube.com/watch?v=XrkGC9xOWjM,XrkGC9xOWjM,PL897F24428E6D825C,UC8p1vwvWtl6T73JiExfWs1g
https://www.youtube.com/watch?v=41R9yDM0JxM,41R9yDM0JxM,PL897F24428E6D825C,UC8p1vwvWtl6T73JiExfWs1g
https://www.youtube.com/watch?v=tk_etS731b4,tk_etS731b4,PL897F24428E6D825C,UC8p1vwvWtl6T73JiExfWs1g
https://www.youtube.com/watch?v=RFZt9Uqfl2A,RFZt9Uqfl2A,PL897F24428E6D825C,UC8p1vwvWtl6T73JiExfWs1g
https://www.youtube.com/watch?v=Aqn9XUUQIPU,Aqn9XUUQIPU,PL897F24428E6D825C,UC8p1vwvWtl6T73JiExfWs1g
https://www.youtube.com/watch?v=cl2LZF8TIY0,cl2LZF8TIY0,PL897F24428E6D825C,UC8p1vwvWtl6T73JiExfWs1g
https://www.youtube.com/watch?v=7kU0HctmPFc,7kU0HctmPFc,PL897F24428E6D825C,UC8p1vwvWtl6T73JiExfWs1g
https://www.youtube.com/watch?v=R1kKEU1ZUDY,R1kKEU1ZUDY,PL897F24428E6D825C,UC8p1vwvWtl6T73JiExfWs1g
https://www.youtube.com/watch?v=7WnWcJ_w8cw,7WnWcJ_w8cw,PL897F24428E6D825C,UC8p1vwvWtl6T73JiExfWs1g
https://www.youtube.com/watch?v=RsD9sHOugHU,RsD9sHOugHU,PL897F24428E6D825C,UC8p1vwvWtl6T73JiExfWs1g
https://www.youtube.com/watch?v=vqtAAElXxgo,vqtAAElXxgo,PL897F24428E6D825C,UC8p1vwvWtl6T73JiExfWs1g
https://www.youtube.com/watch?v=26TY46Ug9N8,26TY46Ug9N8,PL897F24428E6D825C,UC8p1vwvWtl6T73JiExfWs1g
https://www.youtube.com/watch?v=u-yWvUJq0Vg,u-yWvUJq0Vg,PL897F24428E6D825C,UC8p1vwvWtl6T73JiExfWs1g
https://www.youtube.com/watch?v=GKBOy1iA180,GKBOy1iA180,PL897F24428E6D825C,UC8p1vwvWtl6T73JiExfWs1g
https://www.youtube.com/watch?v=48Mxv-IcSFE,48Mxv-IcSFE,PL897F24428E6D825C,UC8p1vwvWtl6T73JiExfWs1g
https://www.youtube.com/watch?v=ofS5wvkGSpM,ofS5wvkGSpM,PL897F24428E6D825C,UC8p1vwvWtl6T73JiExfWs1g
https://www.youtube.com/watch?v=IAyFCY1UR8U,IAyFCY1UR8U,PL897F24428E6D825C,UC8p1vwvWtl6T73JiExfWs1g
https://www.youtube.com/watch?v=HC7cgDmnGIs,HC7cgDmnGIs,PL897F24428E6D825C,UC8p1vwvWtl6T73JiExfWs1g
https://www.youtube.com/watch?v=eM-Y97d-3XU,eM-Y97d-3XU,PL897F24428E6D825C,UC8p1vwvWtl6T73JiExfWs1g
https://www.youtube.com/watch?v=B7SEL5J9x-s,B7SEL5J9x-s,PL897F24428E6D825C,UC8p1vwvWtl6T73JiExfWs1g
https://www.youtube.com/watch?v=_DwxHKPaN3E,_DwxHKPaN3E,PL897F24428E6D825C,UC8p1vwvWtl6T73JiExfWs1g
https://www.youtube.com/watch?v=yzHY9_xdVLc,yzHY9_xdVLc,PL897F24428E6D825C,UC8p1vwvWtl6T73JiExfWs1g
https://www.youtube.com/watch?v=Mv4V1f1gph4,Mv4V1f1gph4,PL897F24428E6D825C,UC8p1vwvWtl6T73JiExfWs1g
https://www.youtube.com/watch?v=RZebOytGwZw,RZebOytGwZw,PL897F24428E6D825C,UC8p1vwvWtl6T73JiExfWs1g
https://www.youtube.com/watch?v=3klZlOUSycQ,3klZlOUSycQ,PL897F24428E6D825C,UC8p1vwvWtl6T73JiExfWs1g
https://www.youtube.com/watch?v=2r6T-I2pdsk,2r6T-I2pdsk,PL897F24428E6D825C,UC8p1vwvWtl6T73JiExfWs1g
https://www.youtube.com/watch?v=V1oVxga7M9Q,V1oVxga7M9Q,PL897F24428E6D825C,UC8p1vwvWtl6T73JiExfWs1g
https://www.youtube.com/watch?v=Vc8kZtj7sfA,Vc8kZtj7sfA,PL897F24428E6D825C,UC8p1vwvWtl6T73JiExfWs1g
https://www.youtube.com/watch?v=G2UQ7DY4m7k,G2UQ7DY4m7k,PL897F24428E6D825C,UC8p1vwvWtl6T73JiExfWs1g
https://www.youtube.com/watch?v=FT1Fda274Zo,FT1Fda274Zo,PL897F24428E6D825C,UC8p1vwvWtl6T73JiExfWs1g
https://www.youtube.com/watch?v=td_cgYr3sZs,td_cgYr3sZs,PL897F24428E6D825C,UC8p1vwvWtl6T73JiExfWs1g
https://www.youtube.com/watch?v=AnGGxiIiwoQ,AnGGxiIiwoQ,PL897F24428E6D825C,UC8p1vwvWtl6T73JiExfWs1g
https://www.youtube.com/watch?v=4IWf3GEieqw,4IWf3GEieqw,PL897F24428E6D825C,UC8p1vwvWtl6T73JiExfWs1g
https://www.youtube.com/watch?v=sheAnUy7vBE,sheAnUy7vBE,PL897F24428E6D825C,UC8p1vwvWtl6T73JiExfWs1g
https://www.youtube.com/watch?v=jr2O9LbWu_k,jr2O9LbWu_k,PL897F24428E6D825C,UC8p1vwvWtl6T73JiExfWs1g
https://www.youtube.com/watch?v=d0WqvLnOXME,d0WqvLnOXME,PL897F24428E6D825C,UC8p1vwvWtl6T73JiExfWs1g
https://www.youtube.com/watch?v=aU0qq2fpsZQ,aU0qq2fpsZQ,PL897F24428E6D825C,UC8p1vwvWtl6T73JiExfWs1g
https://www.youtube.com/watch?v=dFEyvL7q9hE,dFEyvL7q9hE,PL897F24428E6D825C,UC8p1vwvWtl6T73JiExfWs1g
https://www.youtube.com/watch?v=ad00eROARFQ,ad00eROARFQ,PL897F24428E6D825C,UC8p1vwvWtl6T73JiExfWs1g
https://www.youtube.com/watch?v=1y10MU5uEy4,1y10MU5uEy4,PL897F24428E6D825C,UC8p1vwvWtl6T73JiExfWs1g
https://www.youtube.com/watch?v=URK22mlrHdw,URK22mlrHdw,PL897F24428E6D825C,UC8p1vwvWtl6T73JiExfWs1g
https://www.youtube.com/watch?v=hOMlhuBvcz0,hOMlhuBvcz0,PL897F24428E6D825C,UC8p1vwvWtl6T73JiExfWs1g
https://www.youtube.com/watch?v=MUTtf9ukhrg,MUTtf9ukhrg,PL897F24428E6D825C,UC8p1vwvWtl6T73JiExfWs1g
https://www.youtube.com/watch?v=CjVEC6x7p5o,CjVEC6x7p5o,PL897F24428E6D825C,UC8p1vwvWtl6T73JiExfWs1g
https://www.youtube.com/watch?v=ZZ0qChLe6NI,ZZ0qChLe6NI,PL897F24428E6D825C,UC8p1vwvWtl6T73JiExfWs1g
https://www.youtube.com/watch?v=BBK7zqviBWM,BBK7zqviBWM,PL897F24428E6D825C,UC8p1vwvWtl6T73JiExfWs1g
https://www.youtube.com/watch?v=INQQjt0WR_c,INQQjt0WR_c,PL897F24428E6D825C,UC8p1vwvWtl6T73JiExfWs1g
https://www.youtube.com/watch?v=4iQcyf67SE0,4iQcyf67SE0,PL897F24428E6D825C,UC8p1vwvWtl6T73JiExfWs1g
https://www.youtube.com/watch?v=rj3xPCVvVKM,rj3xPCVvVKM,PL897F24428E6D825C,UC8p1vwvWtl6T73JiExfWs1g
https://www.youtube.com/watch?v=tGyABpMNZYw,tGyABpMNZYw,PL897F24428E6D825C,UC8p1vwvWtl6T73JiExfWs1g
https://www.youtube.com/watch?v=wrIxdeSuwIc,wrIxdeSuwIc,PL897F24428E6D825C,UC8p1vwvWtl6T73JiExfWs1g
https://www.youtube.com/watch?v=VdeXMrx8FRs,VdeXMrx8FRs,PL897F24428E6D825C,UC8p1vwvWtl6T73JiExfWs1g
https://www.youtube.com/watch?v=fzGQuc5J1wM,fzGQuc5J1wM,PL897F24428E6D825C,UC8p1vwvWtl6T73JiExfWs1g
https://www.youtube.com/watch?v=hvawcIbTXHE,hvawcIbTXHE,PL897F24428E6D825C,UC8p1vwvWtl6T73JiExfWs1g
https://www.youtube.com/watch?v=Q8pwLZU_DDs,Q8pwLZU_DDs,PL897F24428E6D825C,UC8p1vwvWtl6T73JiExfWs1g
https://www.youtube.com/watch?v=6b3ybOjGx9g,6b3ybOjGx9g,PL897F24428E6D825C,UC8p1vwvWtl6T73JiExfWs1g
https://www.youtube.com/watch?v=KnE4cKA9-iY,KnE4cKA9-iY,PL897F24428E6D825C,UC8p1vwvWtl6T73JiExfWs1g
https://www.youtube.com/watch?v=hAQmgs4vGx8,hAQmgs4vGx8,PL897F24428E6D825C,UC8p1vwvWtl6T73JiExfWs1g
https://www.youtube.com/watch?v=_1Aw1qxCb4I,_1Aw1qxCb4I,PL897F24428E6D825C,UC8p1vwvWtl6T73JiExfWs1g
https://www.youtube.com/watch?v=1zlpbK4jzw0,1zlpbK4jzw0,PL897F24428E6D825C,UC8p1vwvWtl6T73JiExfWs1g
https://www.youtube.com/watch?v=7l9r0Tkrkms,7l9r0Tkrkms,PL897F24428E6D825C,UC8p1vwvWtl6T73JiExfWs1g
https://www.youtube.com/watch?v=PP6aWSAeT78,PP6aWSAeT78,PL897F24428E6D825C,UC8p1vwvWtl6T73JiExfWs1g
https://www.youtube.com/watch?v=aMmJTbMBnug,aMmJTbMBnug,PL897F24428E6D825C,UC8p1vwvWtl6T73JiExfWs1g
https://www.youtube.com/watch?v=BWDlwC7Uec4,BWDlwC7Uec4,PL897F24428E6D825C,UC8p1vwvWtl6T73JiExfWs1g
https://www.youtube.com/watch?v=xtkBHxUcaVs,xtkBHxUcaVs,PL897F24428E6D825C,UC8p1vwvWtl6T73JiExfWs1g
https://www.youtube.com/watch?v=3znLA_KoHiI,3znLA_KoHiI,PL897F24428E6D825C,UC8p1vwvWtl6T73JiExfWs1g
https://www.youtube.com/watch?v=0OVONVz80uY,0OVONVz80uY,PL897F24428E6D825C,UC8p1vwvWtl6T73JiExfWs1g
https://www.youtube.com/watch?v=I1Axm-JORP8,I1Axm-JORP8,PL897F24428E6D825C,UC8p1vwvWtl6T73JiExfWs1g
https://www.youtube.com/watch?v=TxSvC9Tdu4M,TxSvC9Tdu4M,PL897F24428E6D825C,UC8p1vwvWtl6T73JiExfWs1g
https://www.youtube.com/watch?v=JtC8kn2G4U0,JtC8kn2G4U0,PL897F24428E6D825C,UC8p1vwvWtl6T73JiExfWs1g
https://www.youtube.com/watch?v=ufOU1ehNlcE,ufOU1ehNlcE,PL897F24428E6D825C,UC8p1vwvWtl6T73JiExfWs1g
https://www.youtube.com/watch?v=nrlGAhoD9Kw,nrlGAhoD9Kw,PL897F24428E6D825C,UC8p1vwvWtl6T73JiExfWs1g
https://www.youtube.com/watch?v=Po5LZpGSN-k,Po5LZpGSN-k,PL897F24428E6D825C,UC8p1vwvWtl6T73JiExfWs1g
https://www.youtube.com/watch?v=dKgnlRivA6U,dKgnlRivA6U,PL897F24428E6D825C,UC8p1vwvWtl6T73JiExfWs1g
https://www.youtube.com/watch?v=Lzpm6id3lGQ,Lzpm6id3lGQ,PL897F24428E6D825C,UC8p1vwvWtl6T73JiExfWs1g
https://www.youtube.com/watch?v=Ptvz_h55kyM,Ptvz_h55kyM,PL897F24428E6D825C,UC8p1vwvWtl6T73JiExfWs1g
https://www.youtube.com/watch?v=FjBXjWnAIek,FjBXjWnAIek,PL897F24428E6D825C,UC8p1vwvWtl6T73JiExfWs1g
https://www.youtube.com/watch?v=3aMOymFp2Hs,3aMOymFp2Hs,PL897F24428E6D825C,UC8p1vwvWtl6T73JiExfWs1g
https://www.youtube.com/watch?v=SymwyjFw9yM,SymwyjFw9yM,PL897F24428E6D825C,UC8p1vwvWtl6T73JiExfWs1g
https://www.youtube.com/watch?v=92N-OcgyLcM,92N-OcgyLcM,PL897F24428E6D825C,UC8p1vwvWtl6T73JiExfWs1g
https://www.youtube.com/watch?v=365aAlJ9se0,365aAlJ9se0,PL897F24428E6D825C,UC8p1vwvWtl6T73JiExfWs1g
https://www.youtube.com/watch?v=T5b_av7pkFA,T5b_av7pkFA,PL897F24428E6D825C,UC8p1vwvWtl6T73JiExfWs1g
https://www.youtube.com/watch?v=t_yF9p2MDDU,t_yF9p2MDDU,PL897F24428E6D825C,UC8p1vwvWtl6T73JiExfWs1g
https://www.youtube.com/watch?v=N5TnFSteXXQ,N5TnFSteXXQ,PL897F24428E6D825C,UC8p1vwvWtl6T73JiExfWs1g
https://www.youtube.com/watch?v=b4WLuaTGbpM,b4WLuaTGbpM,PL897F24428E6D825C,UC8p1vwvWtl6T73JiExfWs1g
https://www.youtube.com/watch?v=D07nVE0CMAI,D07nVE0CMAI,PL897F24428E6D825C,UC8p1vwvWtl6T73JiExfWs1g
https://www.youtube.com/watch?v=qGj5LKMMEDo,qGj5LKMMEDo,PL897F24428E6D825C,UC8p1vwvWtl6T73JiExfWs1g
https://www.youtube.com/watch?v=xo-k2tJmNoc,xo-k2tJmNoc,PL897F24428E6D825C,UC8p1vwvWtl6T73JiExfWs1g
https://www.youtube.com/watch?v=Rw2qvpvMzOc,Rw2qvpvMzOc,PL897F24428E6D825C,UC8p1vwvWtl6T73JiExfWs1g
https://www.youtube.com/watch?v=dz3ryX6LdbU,dz3ryX6LdbU,PL897F24428E6D825C,UC8p1vwvWtl6T73JiExfWs1g
https://www.youtube.com/watch?v=jviOTC4bVVo,jviOTC4bVVo,PL897F24428E6D825C,UC8p1vwvWtl6T73JiExfWs1g
https://www.youtube.com/watch?v=72pQQl7dSE4,72pQQl7dSE4,PL897F24428E6D825C,UC8p1vwvWtl6T73JiExfWs1g
https://www.youtube.com/watch?v=hRf0vyp-Aig,hRf0vyp-Aig,PL897F24428E6D825C,UC8p1vwvWtl6T73JiExfWs1g
https://www.youtube.com/watch?v=e_nSN2BOYA8,e_nSN2BOYA8,PL897F24428E6D825C,UC8p1vwvWtl6T73JiExfWs1g
https://www.youtube.com/watch?v=M9K7NGKpeMo,M9K7NGKpeMo,PL897F24428E6D825C,UC8p1vwvWtl6T73JiExfWs1g
https://www.youtube.com/watch?v=k2aKx9Gtysw,k2aKx9Gtysw,PL897F24428E6D825C,UC8p1vwvWtl6T73JiExfWs1g
https://www.youtube.com/watch?v=dZ9RIpfbYc8,dZ9RIpfbYc8,PL897F24428E6D825C,UC8p1vwvWtl6T73JiExfWs1g
https://www.youtube.com/watch?v=QUFANQSNHkk,QUFANQSNHkk,PL897F24428E6D825C,UC8p1vwvWtl6T73JiExfWs1g
https://www.youtube.com/watch?v=xCjqNsdUqfw,xCjqNsdUqfw,PL897F24428E6D825C,UC8p1vwvWtl6T73JiExfWs1g
https://www.youtube.com/watch?v=IalfwSERviY,IalfwSERviY,PL897F24428E6D825C,UC8p1vwvWtl6T73JiExfWs1g
https://www.youtube.com/watch?v=m7oW05BIFYo,m7oW05BIFYo,PL897F24428E6D825C,UC8p1vwvWtl6T73JiExfWs1g
https://www.youtube.com/watch?v=Kf8ODbEjlJA,Kf8ODbEjlJA,PL897F24428E6D825C,UC8p1vwvWtl6T73JiExfWs1g
https://www.youtube.com/watch?v=-7LrWuqHfDw,-7LrWuqHfDw,PL897F24428E6D825C,UC8p1vwvWtl6T73JiExfWs1g
https://www.youtube.com/watch?v=lmu6UrfiXvU,lmu6UrfiXvU,PL897F24428E6D825C,UC8p1vwvWtl6T73JiExfWs1g
https://www.youtube.com/watch?v=nkKwPighBso,nkKwPighBso,PL897F24428E6D825C,UC8p1vwvWtl6T73JiExfWs1g
https://www.youtube.com/watch?v=lafWBlulBJU,lafWBlulBJU,PL897F24428E6D825C,UC8p1vwvWtl6T73JiExfWs1g
https://www.youtube.com/watch?v=h8-8Ep7foDU,h8-8Ep7foDU,PL897F24428E6D825C,UC8p1vwvWtl6T73JiExfWs1g
https://www.youtube.com/watch?v=kzRN3QPI214,kzRN3QPI214,PL897F24428E6D825C,UC8p1vwvWtl6T73JiExfWs1g
https://www.youtube.com/watch?v=3W9XtzZ41Ng,3W9XtzZ41Ng,PL897F24428E6D825C,UC8p1vwvWtl6T73JiExfWs1g
https://www.youtube.com/watch?v=X_XEEXOmEIw,X_XEEXOmEIw,PL897F24428E6D825C,UC8p1vwvWtl6T73JiExfWs1g
https://www.youtube.com/watch?v=kyDODfOlGu0,kyDODfOlGu0,PL897F24428E6D825C,UC8p1vwvWtl6T73JiExfWs1g
https://www.youtube.com/watch?v=79Ik7-Mh6q8,79Ik7-Mh6q8,PL897F24428E6D825C,UC8p1vwvWtl6T73JiExfWs1g
https://www.youtube.com/watch?v=RAKBrCehr3Q,RAKBrCehr3Q,PL897F24428E6D825C,UC8p1vwvWtl6T73JiExfWs1g
https://www.youtube.com/watch?v=-4_JQwTFZgU,-4_JQwTFZgU,PL897F24428E6D825C,UC8p1vwvWtl6T73JiExfWs1g
https://www.youtube.com/watch?v=WbOIfdIYF7k,WbOIfdIYF7k,PL897F24428E6D825C,UC8p1vwvWtl6T73JiExfWs1g
https://www.youtube.com/watch?v=p94xmGNbYhU,p94xmGNbYhU,PL897F24428E6D825C,UC8p1vwvWtl6T73JiExfWs1g
https://www.youtube.com/watch?v=ATPa6jM4bJo,ATPa6jM4bJo,PL897F24428E6D825C,UC8p1vwvWtl6T73JiExfWs1g
https://www.youtube.com/watch?v=NEqEzMGiVx4,NEqEzMGiVx4,PL897F24428E6D825C,UC8p1vwvWtl6T73JiExfWs1g
https://www.youtube.com/watch?v=kb9swnUQiiI,kb9swnUQiiI,PL897F24428E6D825C,UC8p1vwvWtl6T73JiExfWs1g
https://www.youtube.com/watch?v=fqnrzKUxSa4,fqnrzKUxSa4,PL897F24428E6D825C,UC8p1vwvWtl6T73JiExfWs1g
https://www.youtube.com/watch?v=Y7kR-XdwTck,Y7kR-XdwTck,PL897F24428E6D825C,UC8p1vwvWtl6T73JiExfWs1g
https://www.youtube.com/watch?v=hPxeArfZ5jg,hPxeArfZ5jg,PL897F24428E6D825C,UC8p1vwvWtl6T73JiExfWs1g
https://www.youtube.com/watch?v=FirDiwLlvx4,FirDiwLlvx4,PL897F24428E6D825C,UC8p1vwvWtl6T73JiExfWs1g
https://www.youtube.com/watch?v=ZBpnmn6OzI0,ZBpnmn6OzI0,PL897F24428E6D825C,UC8p1vwvWtl6T73JiExfWs1g
https://www.youtube.com/watch?v=juTTLUFWeHw,juTTLUFWeHw,PL897F24428E6D825C,UC8p1vwvWtl6T73JiExfWs1g
https://www.youtube.com/watch?v=Mg6TAc_z9oA,Mg6TAc_z9oA,PL897F24428E6D825C,UC8p1vwvWtl6T73JiExfWs1g
https://www.youtube.com/watch?v=dd1pjgMMfpw,dd1pjgMMfpw,PL897F24428E6D825C,UC8p1vwvWtl6T73JiExfWs1g
https://www.youtube.com/watch?v=A3RVnqBW35I,A3RVnqBW35I,PL897F24428E6D825C,UC8p1vwvWtl6T73JiExfWs1g
https://www.youtube.com/watch?v=xAZQCziKaJE,xAZQCziKaJE,PL897F24428E6D825C,UC8p1vwvWtl6T73JiExfWs1g
https://www.youtube.com/watch?v=2cl2yFLrz98,2cl2yFLrz98,PL897F24428E6D825C,UC8p1vwvWtl6T73JiExfWs1g
https://www.youtube.com/watch?v=6kBshIjzPbc,6kBshIjzPbc,PL897F24428E6D825C,UC8p1vwvWtl6T73JiExfWs1g
https://www.youtube.com/watch?v=F2upuyON5KA,F2upuyON5KA,PL897F24428E6D825C,UC8p1vwvWtl6T73JiExfWs1g
https://www.youtube.com/watch?v=SiESjvyNlzU,SiESjvyNlzU,PL897F24428E6D825C,UC8p1vwvWtl6T73JiExfWs1g
https://www.youtube.com/watch?v=5_AZchj7dYI,5_AZchj7dYI,PL897F24428E6D825C,UC8p1vwvWtl6T73JiExfWs1g
https://www.youtube.com/watch?v=6cvqEliTpWg,6cvqEliTpWg,PL897F24428E6D825C,UC8p1vwvWtl6T73JiExfWs1g
https://www.youtube.com/watch?v=q9pkM2vRVXc,q9pkM2vRVXc,PL897F24428E6D825C,UC8p1vwvWtl6T73JiExfWs1g
https://www.youtube.com/watch?v=bMXuKXXwFag,bMXuKXXwFag,PL897F24428E6D825C,UC8p1vwvWtl6T73JiExfWs1g
https://www.youtube.com/watch?v=ZuC_Xhgj8eI,ZuC_Xhgj8eI,PL897F24428E6D825C,UC8p1vwvWtl6T73JiExfWs1g
https://www.youtube.com/watch?v=Oq2z87UUxnk,Oq2z87UUxnk,PL897F24428E6D825C,UC8p1vwvWtl6T73JiExfWs1g
https://www.youtube.com/watch?v=xlU7ePjubMw,xlU7ePjubMw,PL897F24428E6D825C,UC8p1vwvWtl6T73JiExfWs1g
https://www.youtube.com/watch?v=-WVWW4BHdhw,-WVWW4BHdhw,PL897F24428E6D825C,UC8p1vwvWtl6T73JiExfWs1g
https://www.youtube.com/watch?v=3ZlDGCkT7vw,3ZlDGCkT7vw,PL897F24428E6D825C,UC8p1vwvWtl6T73JiExfWs1g
https://www.youtube.com/watch?v=FDodSkwOQII,FDodSkwOQII,PL897F24428E6D825C,UC8p1vwvWtl6T73JiExfWs1g
https://www.youtube.com/watch?v=uhjTPz1d6rM,uhjTPz1d6rM,PL897F24428E6D825C,UC8p1vwvWtl6T73JiExfWs1g
https://www.youtube.com/watch?v=1LVIbfDE6PA,1LVIbfDE6PA,PL897F24428E6D825C,UC8p1vwvWtl6T73JiExfWs1g
https://www.youtube.com/watch?v=BmEDEEz0X9o,BmEDEEz0X9o,PL897F24428E6D825C,UC8p1vwvWtl6T73JiExfWs1g
https://www.youtube.com/watch?v=CPcLbPwl56E,CPcLbPwl56E,PL897F24428E6D825C,UC8p1vwvWtl6T73JiExfWs1g
https://www.youtube.com/watch?v=b03sd7qdSsM,b03sd7qdSsM,PL897F24428E6D825C,UC8p1vwvWtl6T73JiExfWs1g
https://www.youtube.com/watch?v=f_d5en7VfLM,f_d5en7VfLM,PL897F24428E6D825C,UC8p1vwvWtl6T73JiExfWs1g
https://www.youtube.com/watch?v=VTT_btwBuV0,VTT_btwBuV0,PL897F24428E6D825C,UC8p1vwvWtl6T73JiExfWs1g
https://www.youtube.com/watch?v=PLUoap96cjg,PLUoap96cjg,PL897F24428E6D825C,UC8p1vwvWtl6T73JiExfWs1g
https://www.youtube.com/watch?v=qUFYf7EsPpM,qUFYf7EsPpM,PL897F24428E6D825C,UC8p1vwvWtl6T73JiExfWs1g
https://www.youtube.com/watch?v=-oLVbjCMhK4,-oLVbjCMhK4,PL897F24428E6D825C,UC8p1vwvWtl6T73JiExfWs1g
https://www.youtube.com/watch?v=RxKOV_0WgaQ,RxKOV_0WgaQ,PL897F24428E6D825C,UC8p1vwvWtl6T73JiExfWs1g
https://www.youtube.com/watch?v=GHu9h3SxJgc,GHu9h3SxJgc,PL897F24428E6D825C,UC8p1vwvWtl6T73JiExfWs1g
https://www.youtube.com/watch?v=PSokPWRr1Ks,PSokPWRr1Ks,PL897F24428E6D825C,UC8p1vwvWtl6T73JiExfWs1g
https://www.youtube.com/watch?v=aogFgT8dJAg,aogFgT8dJAg,PL897F24428E6D825C,UC8p1vwvWtl6T73JiExfWs1g
https://www.youtube.com/watch?v=XKbhuQuL7RE,XKbhuQuL7RE,PL897F24428E6D825C,UC8p1vwvWtl6T73JiExfWs1g
https://www.youtube.com/watch?v=4NPKdmH-mws,4NPKdmH-mws,PL897F24428E6D825C,UC8p1vwvWtl6T73JiExfWs1g
https://www.youtube.com/watch?v=RDsJfr8AuIE,RDsJfr8AuIE,PL897F24428E6D825C,UC8p1vwvWtl6T73JiExfWs1g
https://www.youtube.com/watch?v=oSpbEv2uxAw,oSpbEv2uxAw,PL897F24428E6D825C,UC8p1vwvWtl6T73JiExfWs1g
https://www.youtube.com/watch?v=VJqs4s3chtE,VJqs4s3chtE,PL897F24428E6D825C,UC8p1vwvWtl6T73JiExfWs1g
https://www.youtube.com/watch?v=eJzpzw4fJw0,eJzpzw4fJw0,PL897F24428E6D825C,UC8p1vwvWtl6T73JiExfWs1g
https://www.youtube.com/watch?v=GHRllD7WAEI,GHRllD7WAEI,PL897F24428E6D825C,UC8p1vwvWtl6T73JiExfWs1g
https://www.youtube.com/watch?v=IuZYBEOp4oU,IuZYBEOp4oU,PL897F24428E6D825C,UC8p1vwvWtl6T73JiExfWs1g
https://www.youtube.com/watch?v=IkDqTzqUt24,IkDqTzqUt24,PL897F24428E6D825C,UC8p1vwvWtl6T73JiExfWs1g
https://www.youtube.com/watch?v=Lhm48sYccBg,Lhm48sYccBg,PL897F24428E6D825C,UC8p1vwvWtl6T73JiExfWs1g
https://www.youtube.com/watch?v=Vgn3S6PLa0s,Vgn3S6PLa0s,PL897F24428E6D825C,UC8p1vwvWtl6T73JiExfWs1g
https://www.youtube.com/watch?v=s2HRYdfDXE8,s2HRYdfDXE8,PL897F24428E6D825C,UC8p1vwvWtl6T73JiExfWs1g
https://www.youtube.com/watch?v=JkooyU4s-EQ,JkooyU4s-EQ,PL897F24428E6D825C,UC8p1vwvWtl6T73JiExfWs1g
https://www.youtube.com/watch?v=tIZ9nRMdmrU,tIZ9nRMdmrU,PL897F24428E6D825C,UC8p1vwvWtl6T73JiExfWs1g
https://www.youtube.com/watch?v=MOK0Lhu-ezQ,MOK0Lhu-ezQ,PL897F24428E6D825C,UC8p1vwvWtl6T73JiExfWs1g
https://www.youtube.com/watch?v=Vgi6XSyrm00,Vgi6XSyrm00,PL897F24428E6D825C,UC8p1vwvWtl6T73JiExfWs1g
https://www.youtube.com/watch?v=1tMHXHRSAYc,1tMHXHRSAYc,PL897F24428E6D825C,UC8p1vwvWtl6T73JiExfWs1g
https://www.youtube.com/watch?v=Z2z7Aj52lbs,Z2z7Aj52lbs,PL897F24428E6D825C,UC8p1vwvWtl6T73JiExfWs1g
https://www.youtube.com/watch?v=-wh-gzA-NH8,-wh-gzA-NH8,PL897F24428E6D825C,UC8p1vwvWtl6T73JiExfWs1g
https://www.youtube.com/watch?v=2l4oilSI9m8,2l4oilSI9m8,PL897F24428E6D825C,UC8p1vwvWtl6T73JiExfWs1g
https://www.youtube.com/watch?v=yg-Hz3AUFQw,yg-Hz3AUFQw,PL897F24428E6D825C,UC8p1vwvWtl6T73JiExfWs1g
https://www.youtube.com/watch?v=OLHUslKLbKg,OLHUslKLbKg,PL897F24428E6D825C,UC8p1vwvWtl6T73JiExfWs1g
https://www.youtube.com/watch?v=RGp-AcP7UvM,RGp-AcP7UvM,PL897F24428E6D825C,UC8p1vwvWtl6T73JiExfWs1g
https://www.youtube.com/watch?v=dX7fMIN2B8g,dX7fMIN2B8g,PL897F24428E6D825C,UC8p1vwvWtl6T73JiExfWs1g
https://www.youtube.com/watch?v=ltcpk5678xM,ltcpk5678xM,PL897F24428E6D825C,UC8p1vwvWtl6T73JiExfWs1g
https://www.youtube.com/watch?v=kVbSkJFtizI,kVbSkJFtizI,PL897F24428E6D825C,UC8p1vwvWtl6T73JiExfWs1g
https://www.youtube.com/watch?v=OUDT3PP105U,OUDT3PP105U,PL897F24428E6D825C,UC8p1vwvWtl6T73JiExfWs1g
https://www.youtube.com/watch?v=bkaSk7ra-gU,bkaSk7ra-gU,PL897F24428E6D825C,UC8p1vwvWtl6T73JiExfWs1g
https://www.youtube.com/watch?v=qEqbgXfr0_o,qEqbgXfr0_o,PL897F24428E6D825C,UC8p1vwvWtl6T73JiExfWs1g
https://www.youtube.com/watch?v=y7FmwBtWu2E,y7FmwBtWu2E,PL897F24428E6D825C,UC8p1vwvWtl6T73JiExfWs1g
https://www.youtube.com/watch?v=QAyJG8zeObA,QAyJG8zeObA,PL897F24428E6D825C,UC8p1vwvWtl6T73JiExfWs1g
https://www.youtube.com/watch?v=6Dl02R_Cjhk,6Dl02R_Cjhk,PL897F24428E6D825C,UC8p1vwvWtl6T73JiExfWs1g
https://www.youtube.com/watch?v=Ab48Ph_Nv2E,Ab48Ph_Nv2E,PL897F24428E6D825C,UC8p1vwvWtl6T73JiExfWs1g
https://www.youtube.com/watch?v=ACq5qIiWwE0,ACq5qIiWwE0,PL897F24428E6D825C,UC8p1vwvWtl6T73JiExfWs1g
https://www.youtube.com/watch?v=6Qwn0Viggjw,6Qwn0Viggjw,PL897F24428E6D825C,UC8p1vwvWtl6T73JiExfWs1g
https://www.youtube.com/watch?v=gaYHZxClnyA,gaYHZxClnyA,PL897F24428E6D825C,UC8p1vwvWtl6T73JiExfWs1g
https://www.youtube.com/watch?v=LbxcDXBG8qE,LbxcDXBG8qE,PL897F24428E6D825C,UC8p1vwvWtl6T73JiExfWs1g
https://www.youtube.com/watch?v=0vJtPmP1rVk,0vJtPmP1rVk,PL897F24428E6D825C,UC8p1vwvWtl6T73JiExfWs1g
https://www.youtube.com/watch?v=AdAEeklXSb8,AdAEeklXSb8,PL897F24428E6D825C,UC8p1vwvWtl6T73JiExfWs1g
https://www.youtube.com/watch?v=VAwcn3pQ2eA,VAwcn3pQ2eA,PL897F24428E6D825C,UC8p1vwvWtl6T73JiExfWs1g
https://www.youtube.com/watch?v=80T6Hx4EZvg,80T6Hx4EZvg,PL897F24428E6D825C,UC8p1vwvWtl6T73JiExfWs1g
https://www.youtube.com/watch?v=dPt_5vlVyuQ,dPt_5vlVyuQ,PL897F24428E6D825C,UC8p1vwvWtl6T73JiExfWs1g
https://www.youtube.com/watch?v=cKrFNbUjxOs,cKrFNbUjxOs,PL897F24428E6D825C,UC8p1vwvWtl6T73JiExfWs1g
https://www.youtube.com/watch?v=7RrIE8I72uQ,7RrIE8I72uQ,PL897F24428E6D825C,UC8p1vwvWtl6T73JiExfWs1g
https://www.youtube.com/watch?v=QlLYryCHKUo,QlLYryCHKUo,PL897F24428E6D825C,UC8p1vwvWtl6T73JiExfWs1g
https://www.youtube.com/watch?v=4lBc102-Rko,4lBc102-Rko,PL897F24428E6D825C,UC8p1vwvWtl6T73JiExfWs1g
https://www.youtube.com/watch?v=LyOf6a4nUo4,LyOf6a4nUo4,PL897F24428E6D825C,UC8p1vwvWtl6T73JiExfWs1g
https://www.youtube.com/watch?v=MhbHBZ147zk,MhbHBZ147zk,PL897F24428E6D825C,UC8p1vwvWtl6T73JiExfWs1g
https://www.youtube.com/watch?v=7LaEEAOFCrQ,7LaEEAOFCrQ,PL897F24428E6D825C,UC8p1vwvWtl6T73JiExfWs1g
https://www.youtube.com/watch?v=6yJIKp6NnyI,6yJIKp6NnyI,PL897F24428E6D825C,UC8p1vwvWtl6T73JiExfWs1g
https://www.youtube.com/watch?v=EjnuLs8iUDI,EjnuLs8iUDI,PL897F24428E6D825C,UC8p1vwvWtl6T73JiExfWs1g
https://www.youtube.com/watch?v=oeU69gsoQxM,oeU69gsoQxM,PL897F24428E6D825C,UC8p1vwvWtl6T73JiExfWs1g
https://www.youtube.com/watch?v=wMwoDLG8eKU,wMwoDLG8eKU,PL897F24428E6D825C,UC8p1vwvWtl6T73JiExfWs1g
https://www.youtube.com/watch?v=SCGEiZ0RbHI,SCGEiZ0RbHI,PL897F24428E6D825C,UC8p1vwvWtl6T73JiExfWs1g
https://www.youtube.com/watch?v=plwbIB5frlY,plwbIB5frlY,PL897F24428E6D825C,UC8p1vwvWtl6T73JiExfWs1g
https://www.youtube.com/watch?v=UYOcJf9PLq4,UYOcJf9PLq4,PL897F24428E6D825C,UC8p1vwvWtl6T73JiExfWs1g
https://www.youtube.com/watch?v=N3ia8LT63aY,N3ia8LT63aY,PL897F24428E6D825C,UC8p1vwvWtl6T73JiExfWs1g
https://www.youtube.com/watch?v=gAmgVxygV5M,gAmgVxygV5M,PL897F24428E6D825C,UC8p1vwvWtl6T73JiExfWs1g
https://www.youtube.com/watch?v=BrA-152k8o8,BrA-152k8o8,PL897F24428E6D825C,UC8p1vwvWtl6T73JiExfWs1g
https://www.youtube.com/watch?v=No7XLR2r6k0,No7XLR2r6k0,PL897F24428E6D825C,UC8p1vwvWtl6T73JiExfWs1g
https://www.youtube.com/watch?v=6v2uRUQQ_KQ,6v2uRUQQ_KQ,PL897F24428E6D825C,UC8p1vwvWtl6T73JiExfWs1g
https://www.youtube.com/watch?v=UoJW5HNUGRE,UoJW5HNUGRE,PL897F24428E6D825C,UC8p1vwvWtl6T73JiExfWs1g
https://www.youtube.com/watch?v=vWIbeoYYC14,vWIbeoYYC14,PL897F24428E6D825C,UC8p1vwvWtl6T73JiExfWs1g
https://www.youtube.com/watch?v=WoQ8GAjW-Zk,WoQ8GAjW-Zk,PL897F24428E6D825C,UC8p1vwvWtl6T73JiExfWs1g
https://www.youtube.com/watch?v=2zvcz59_Y3M,2zvcz59_Y3M,PL897F24428E6D825C,UC8p1vwvWtl6T73JiExfWs1g
https://www.youtube.com/watch?v=H-QSKv7RNqU,H-QSKv7RNqU,PL897F24428E6D825C,UC8p1vwvWtl6T73JiExfWs1g
https://www.youtube.com/watch?v=Cky4KX_WiN8,Cky4KX_WiN8,PL897F24428E6D825C,UC8p1vwvWtl6T73JiExfWs1g
https://www.youtube.com/watch?v=BDU6sc1jwaw,BDU6sc1jwaw,PL897F24428E6D825C,UC8p1vwvWtl6T73JiExfWs1g
https://www.youtube.com/watch?v=fnGU70iEkD8,fnGU70iEkD8,PL897F24428E6D825C,UC8p1vwvWtl6T73JiExfWs1g
https://www.youtube.com/watch?v=zpx2fArduVk,zpx2fArduVk,PL897F24428E6D825C,UC8p1vwvWtl6T73JiExfWs1g
https://www.youtube.com/watch?v=aGFCAkATU2Q,aGFCAkATU2Q,PL897F24428E6D825C,UC8p1vwvWtl6T73JiExfWs1g
https://www.youtube.com/watch?v=X1ysQjllUBk,X1ysQjllUBk,PL897F24428E6D825C,UC8p1vwvWtl6T73JiExfWs1g
https://www.youtube.com/watch?v=f9haP8qrq7w,f9haP8qrq7w,PL897F24428E6D825C,UC8p1vwvWtl6T73JiExfWs1g
https://www.youtube.com/watch?v=oAfvl7uuAOQ,oAfvl7uuAOQ,PL897F24428E6D825C,UC8p1vwvWtl6T73JiExfWs1g
https://www.youtube.com/watch?v=3UKVagJgBk0,3UKVagJgBk0,PL897F24428E6D825C,UC8p1vwvWtl6T73JiExfWs1g
https://www.youtube.com/watch?v=7tCMjKeu2NE,7tCMjKeu2NE,PL897F24428E6D825C,UC8p1vwvWtl6T73JiExfWs1g
https://www.youtube.com/watch?v=vt5xP8VhBEQ,vt5xP8VhBEQ,PL897F24428E6D825C,UC8p1vwvWtl6T73JiExfWs1g
https://www.youtube.com/watch?v=pptJBIwZEDI,pptJBIwZEDI,PL897F24428E6D825C,UC8p1vwvWtl6T73JiExfWs1g
https://www.youtube.com/watch?v=geNVPEiJLLE,geNVPEiJLLE,PL897F24428E6D825C,UC8p1vwvWtl6T73JiExfWs1g
https://www.youtube.com/watch?v=AE0FGEyi7p8,AE0FGEyi7p8,PL897F24428E6D825C,UC8p1vwvWtl6T73JiExfWs1g
https://www.youtube.com/watch?v=XJPqzt-FZxo,XJPqzt-FZxo,PL897F24428E6D825C,UC8p1vwvWtl6T73JiExfWs1g
https://www.youtube.com/watch?v=pb3mVb4S0bI,pb3mVb4S0bI,PL897F24428E6D825C,UC8p1vwvWtl6T73JiExfWs1g
https://www.youtube.com/watch?v=UULq2FB0SHY,UULq2FB0SHY,PL897F24428E6D825C,UC8p1vwvWtl6T73JiExfWs1g
https://www.youtube.com/watch?v=r8fcF7JXW_c,r8fcF7JXW_c,PL897F24428E6D825C,UC8p1vwvWtl6T73JiExfWs1g
https://www.youtube.com/watch?v=JZcqC_gUitk,JZcqC_gUitk,PL897F24428E6D825C,UC8p1vwvWtl6T73JiExfWs1g
https://www.youtube.com/watch?v=oraf9NpFxlY,oraf9NpFxlY,PL897F24428E6D825C,UC8p1vwvWtl6T73JiExfWs1g
https://www.youtube.com/watch?v=sn1s-C44Wpc,sn1s-C44Wpc,PL897F24428E6D825C,UC8p1vwvWtl6T73JiExfWs1g
https://www.youtube.com/watch?v=gSb6RE0ZQY4,gSb6RE0ZQY4,PL897F24428E6D825C,UC8p1vwvWtl6T73JiExfWs1g
https://www.youtube.com/watch?v=XbcGIy2sdX4,XbcGIy2sdX4,PL897F24428E6D825C,UC8p1vwvWtl6T73JiExfWs1g
https://www.youtube.com/watch?v=rj5JbhKDX2Q,rj5JbhKDX2Q,PL897F24428E6D825C,UC8p1vwvWtl6T73JiExfWs1g
https://www.youtube.com/watch?v=rHO6BYNs2N4,rHO6BYNs2N4,PL897F24428E6D825C,UC8p1vwvWtl6T73JiExfWs1g
https://www.youtube.com/watch?v=NQyfefCkQ5w,NQyfefCkQ5w,PL897F24428E6D825C,UC8p1vwvWtl6T73JiExfWs1g
https://www.youtube.com/watch?v=u-p3pMH1-r4,u-p3pMH1-r4,PL897F24428E6D825C,UC8p1vwvWtl6T73JiExfWs1g
https://www.youtube.com/watch?v=0wDjXokOfwU,0wDjXokOfwU,PL897F24428E6D825C,UC8p1vwvWtl6T73JiExfWs1g
https://www.youtube.com/watch?v=U8VvO45nj9I,U8VvO45nj9I,PL897F24428E6D825C,UC8p1vwvWtl6T73JiExfWs1g
https://www.youtube.com/watch?v=QvshMzStMvo,QvshMzStMvo,PL897F24428E6D825C,UC8p1vwvWtl6T73JiExfWs1g
https://www.youtube.com/watch?v=JB4E6ENOZuk,JB4E6ENOZuk,PL897F24428E6D825C,UC8p1vwvWtl6T73JiExfWs1g
https://www.youtube.com/watch?v=S-ZHQrlxt0M,S-ZHQrlxt0M,PL897F24428E6D825C,UC8p1vwvWtl6T73JiExfWs1g
https://www.youtube.com/watch?v=CInwveNLUmA,CInwveNLUmA,PL897F24428E6D825C,UC8p1vwvWtl6T73JiExfWs1g
https://www.youtube.com/watch?v=nvlRbOPcwlY,nvlRbOPcwlY,PL897F24428E6D825C,UC8p1vwvWtl6T73JiExfWs1g
https://www.youtube.com/watch?v=7oiolFnXHhA,7oiolFnXHhA,PL897F24428E6D825C,UC8p1vwvWtl6T73JiExfWs1g
https://www.youtube.com/watch?v=m3uW5w_Swl4,m3uW5w_Swl4,PL897F24428E6D825C,UC8p1vwvWtl6T73JiExfWs1g
https://www.youtube.com/watch?v=ovSQ5lZH8zM,ovSQ5lZH8zM,PL897F24428E6D825C,UC8p1vwvWtl6T73JiExfWs1g
https://www.youtube.com/watch?v=aJDZBBEowng,aJDZBBEowng,PL897F24428E6D825C,UC8p1vwvWtl6T73JiExfWs1g
https://www.youtube.com/watch?v=WqQipaxETyw,WqQipaxETyw,PL897F24428E6D825C,UC8p1vwvWtl6T73JiExfWs1g
https://www.youtube.com/watch?v=jo7Ijlqb59s,jo7Ijlqb59s,PL897F24428E6D825C,UC8p1vwvWtl6T73JiExfWs1g
https://www.youtube.com/watch?v=3uEpc2LpVRY,3uEpc2LpVRY,PL897F24428E6D825C,UC8p1vwvWtl6T73JiExfWs1g
https://www.youtube.com/watch?v=3Kc12bSIQr4,3Kc12bSIQr4,PL897F24428E6D825C,UC8p1vwvWtl6T73JiExfWs1g
https://www.youtube.com/watch?v=pRIvAdgn7M4,pRIvAdgn7M4,PL897F24428E6D825C,UC8p1vwvWtl6T73JiExfWs1g
https://www.youtube.com/watch?v=b05EIW8h43I,b05EIW8h43I,PL897F24428E6D825C,UC8p1vwvWtl6T73JiExfWs1g
https://www.youtube.com/watch?v=KtKpev5S9RU,KtKpev5S9RU,PL897F24428E6D825C,UC8p1vwvWtl6T73JiExfWs1g
https://www.youtube.com/watch?v=A3EKnERuldA,A3EKnERuldA,PL897F24428E6D825C,UC8p1vwvWtl6T73JiExfWs1g
https://www.youtube.com/watch?v=emETTQDVcks,emETTQDVcks,PL897F24428E6D825C,UC8p1vwvWtl6T73JiExfWs1g
https://www.youtube.com/watch?v=73Z_7U09xE0,73Z_7U09xE0,PL897F24428E6D825C,UC8p1vwvWtl6T73JiExfWs1g
https://www.youtube.com/watch?v=qWrTpQuJSJ0,qWrTpQuJSJ0,PL897F24428E6D825C,UC8p1vwvWtl6T73JiExfWs1g
https://www.youtube.com/watch?v=ZarbU1Zmlio,ZarbU1Zmlio,PL897F24428E6D825C,UC8p1vwvWtl6T73JiExfWs1g
https://www.youtube.com/watch?v=YWRl75xzUO8,YWRl75xzUO8,PL897F24428E6D825C,UC8p1vwvWtl6T73JiExfWs1g
https://www.youtube.com/watch?v=bFImHCPsIus,bFImHCPsIus,PL897F24428E6D825C,UC8p1vwvWtl6T73JiExfWs1g
https://www.youtube.com/watch?v=4ZV-QzGpuA8,4ZV-QzGpuA8,PL897F24428E6D825C,UC8p1vwvWtl6T73JiExfWs1g
https://www.youtube.com/watch?v=tnRjLuxBkGs,tnRjLuxBkGs,PL897F24428E6D825C,UC8p1vwvWtl6T73JiExfWs1g
https://www.youtube.com/watch?v=aPBmTYPkTvI,aPBmTYPkTvI,PL897F24428E6D825C,UC8p1vwvWtl6T73JiExfWs1g
https://www.youtube.com/watch?v=Y14wGYH0DBE,Y14wGYH0DBE,PL897F24428E6D825C,UC8p1vwvWtl6T73JiExfWs1g
https://www.youtube.com/watch?v=Oi3OxzVgXZ8,Oi3OxzVgXZ8,PL897F24428E6D825C,UC8p1vwvWtl6T73JiExfWs1g
https://www.youtube.com/watch?v=T0DogXjJPTw,T0DogXjJPTw,PL897F24428E6D825C,UC8p1vwvWtl6T73JiExfWs1g
https://www.youtube.com/watch?v=K3ZuvGcotUw,K3ZuvGcotUw,PL897F24428E6D825C,UC8p1vwvWtl6T73JiExfWs1g
https://www.youtube.com/watch?v=RkCJcbeeTE4,RkCJcbeeTE4,PL897F24428E6D825C,UC8p1vwvWtl6T73JiExfWs1g
https://www.youtube.com/watch?v=UllnjWlkJmE,UllnjWlkJmE,PL897F24428E6D825C,UC8p1vwvWtl6T73JiExfWs1g
https://www.youtube.com/watch?v=U_3i8ZsG29Q,U_3i8ZsG29Q,PL897F24428E6D825C,UC8p1vwvWtl6T73JiExfWs1g
https://www.youtube.com/watch?v=vEIN85P8_X4,vEIN85P8_X4,PL897F24428E6D825C,UC8p1vwvWtl6T73JiExfWs1g
https://www.youtube.com/watch?v=r1SMas1D3dA,r1SMas1D3dA,PL897F24428E6D825C,UC8p1vwvWtl6T73JiExfWs1g
https://www.youtube.com/watch?v=jJ5nezONqRM,jJ5nezONqRM,PL897F24428E6D825C,UC8p1vwvWtl6T73JiExfWs1g
https://www.youtube.com/watch?v=pcfWusSJFnQ,pcfWusSJFnQ,PL897F24428E6D825C,UC8p1vwvWtl6T73JiExfWs1g
https://www.youtube.com/watch?v=uZVl-RG75fY,uZVl-RG75fY,PL897F24428E6D825C,UC8p1vwvWtl6T73JiExfWs1g
https://www.youtube.com/watch?v=tOvEmZQuPCI,tOvEmZQuPCI,PL897F24428E6D825C,UC8p1vwvWtl6T73JiExfWs1g
https://www.youtube.com/watch?v=WnbNQuJzErQ,WnbNQuJzErQ,PL897F24428E6D825C,UC8p1vwvWtl6T73JiExfWs1g
https://www.youtube.com/watch?v=nTUjjxzARXo,nTUjjxzARXo,PL897F24428E6D825C,UC8p1vwvWtl6T73JiExfWs1g
https://www.youtube.com/watch?v=ZBxGwN7uDSQ,ZBxGwN7uDSQ,PL897F24428E6D825C,UC8p1vwvWtl6T73JiExfWs1g
https://www.youtube.com/watch?v=gIke09Gd7w8,gIke09Gd7w8,PL897F24428E6D825C,UC8p1vwvWtl6T73JiExfWs1g
https://www.youtube.com/watch?v=ZH6YlHNOxaE,ZH6YlHNOxaE,PL897F24428E6D825C,UC8p1vwvWtl6T73JiExfWs1g
https://www.youtube.com/watch?v=bM_z10WCQ_4,bM_z10WCQ_4,PL897F24428E6D825C,UC8p1vwvWtl6T73JiExfWs1g
https://www.youtube.com/watch?v=Dqc2hBM5-tY,Dqc2hBM5-tY,PL897F24428E6D825C,UC8p1vwvWtl6T73JiExfWs1g
https://www.youtube.com/watch?v=MjfaV4vCLls,MjfaV4vCLls,PL897F24428E6D825C,UC8p1vwvWtl6T73JiExfWs1g
https://www.youtube.com/watch?v=njIJqowLdhI,njIJqowLdhI,PL897F24428E6D825C,UC8p1vwvWtl6T73JiExfWs1g
https://www.youtube.com/watch?v=vqUVVASO9LM,vqUVVASO9LM,PL897F24428E6D825C,UC8p1vwvWtl6T73JiExfWs1g
https://www.youtube.com/watch?v=fw_g-8fDzfg,fw_g-8fDzfg,PL897F24428E6D825C,UC8p1vwvWtl6T73JiExfWs1g
https://www.youtube.com/watch?v=X53awcBCbY8,X53awcBCbY8,PL897F24428E6D825C,UC8p1vwvWtl6T73JiExfWs1g
https://www.youtube.com/watch?v=8TEHaSi-kYk,8TEHaSi-kYk,PL897F24428E6D825C,UC8p1vwvWtl6T73JiExfWs1g
https://www.youtube.com/watch?v=SPDIgZ3lj7c,SPDIgZ3lj7c,PL897F24428E6D825C,UC8p1vwvWtl6T73JiExfWs1g
https://www.youtube.com/watch?v=kNG5RfdxHvc,kNG5RfdxHvc,PL897F24428E6D825C,UC8p1vwvWtl6T73JiExfWs1g
https://www.youtube.com/watch?v=ebBMzcZ6tNw,ebBMzcZ6tNw,PL897F24428E6D825C,UC8p1vwvWtl6T73JiExfWs1g
https://www.youtube.com/watch?v=n7u9u7Cw8RU,n7u9u7Cw8RU,PL897F24428E6D825C,UC8p1vwvWtl6T73JiExfWs1g
https://www.youtube.com/watch?v=sfgxI3JW8uA,sfgxI3JW8uA,PL897F24428E6D825C,UC8p1vwvWtl6T73JiExfWs1g
https://www.youtube.com/watch?v=ckF4qOTI2_E,ckF4qOTI2_E,PL897F24428E6D825C,UC8p1vwvWtl6T73JiExfWs1g
https://www.youtube.com/watch?v=J7HdHaf0KQA,J7HdHaf0KQA,PL897F24428E6D825C,UC8p1vwvWtl6T73JiExfWs1g
https://www.youtube.com/watch?v=gDBxfY11ZLA,gDBxfY11ZLA,PL897F24428E6D825C,UC8p1vwvWtl6T73JiExfWs1g
https://www.youtube.com/watch?v=laHoYKVB_wk,laHoYKVB_wk,PL897F24428E6D825C,UC8p1vwvWtl6T73JiExfWs1g
https://www.youtube.com/watch?v=MTmshY1JDgg,MTmshY1JDgg,PL897F24428E6D825C,UC8p1vwvWtl6T73JiExfWs1g
https://www.youtube.com/watch?v=lsWYFsRHuSA,lsWYFsRHuSA,PL897F24428E6D825C,UC8p1vwvWtl6T73JiExfWs1g
https://www.youtube.com/watch?v=iu_bNPmSY6A,iu_bNPmSY6A,PL897F24428E6D825C,UC8p1vwvWtl6T73JiExfWs1g
https://www.youtube.com/watch?v=5vUS50jZYFc,5vUS50jZYFc,PL897F24428E6D825C,UC8p1vwvWtl6T73JiExfWs1g
https://www.youtube.com/watch?v=furwYL8jvlY,furwYL8jvlY,PL897F24428E6D825C,UC8p1vwvWtl6T73JiExfWs1g
https://www.youtube.com/watch?v=463fnq40Ub0,463fnq40Ub0,PL897F24428E6D825C,UC8p1vwvWtl6T73JiExfWs1g
https://www.youtube.com/watch?v=w_JeLqnZz9I,w_JeLqnZz9I,PL897F24428E6D825C,UC8p1vwvWtl6T73JiExfWs1g
https://www.youtube.com/watch?v=n1402Jae_QI,n1402Jae_QI,PL897F24428E6D825C,UC8p1vwvWtl6T73JiExfWs1g
https://www.youtube.com/watch?v=MW9250C69EQ,MW9250C69EQ,PL897F24428E6D825C,UC8p1vwvWtl6T73JiExfWs1g
https://www.youtube.com/watch?v=ovAs83BrxHk,ovAs83BrxHk,PL897F24428E6D825C,UC8p1vwvWtl6T73JiExfWs1g
https://www.youtube.com/watch?v=nH_MxsRH4ss,nH_MxsRH4ss,PL897F24428E6D825C,UC8p1vwvWtl6T73JiExfWs1g
https://www.youtube.com/watch?v=mlGx8ni-gJM,mlGx8ni-gJM,PL897F24428E6D825C,UC8p1vwvWtl6T73JiExfWs1g
https://www.youtube.com/watch?v=raBb2J1PWFM,raBb2J1PWFM,PL897F24428E6D825C,UC8p1vwvWtl6T73JiExfWs1g
https://www.youtube.com/watch?v=157eatgC7dE,157eatgC7dE,PL897F24428E6D825C,UC8p1vwvWtl6T73JiExfWs1g
https://www.youtube.com/watch?v=n-pcEQOlp7o,n-pcEQOlp7o,PL897F24428E6D825C,UC8p1vwvWtl6T73JiExfWs1g
https://www.youtube.com/watch?v=qr8PR-18Dc4,qr8PR-18Dc4,PL897F24428E6D825C,UC8p1vwvWtl6T73JiExfWs1g
https://www.youtube.com/watch?v=Rv2IsprYWN0,Rv2IsprYWN0,PL897F24428E6D825C,UC8p1vwvWtl6T73JiExfWs1g
https://www.youtube.com/watch?v=hNYhMZOPTU8,hNYhMZOPTU8,PL897F24428E6D825C,UC8p1vwvWtl6T73JiExfWs1g
https://www.youtube.com/watch?v=accQgO7BFJw,accQgO7BFJw,PL897F24428E6D825C,UC8p1vwvWtl6T73JiExfWs1g
https://www.youtube.com/watch?v=HEcrN1i7ydg,HEcrN1i7ydg,PL897F24428E6D825C,UC8p1vwvWtl6T73JiExfWs1g
https://www.youtube.com/watch?v=sR9X-nLbs6Q,sR9X-nLbs6Q,PL897F24428E6D825C,UC8p1vwvWtl6T73JiExfWs1g
https://www.youtube.com/watch?v=RJFVz8r2MHI,RJFVz8r2MHI,PL897F24428E6D825C,UC8p1vwvWtl6T73JiExfWs1g
https://www.youtube.com/watch?v=wdkTCIQncrI,wdkTCIQncrI,PL897F24428E6D825C,UC8p1vwvWtl6T73JiExfWs1g
https://www.youtube.com/watch?v=oO1fXwOpRNw,oO1fXwOpRNw,PL897F24428E6D825C,UC8p1vwvWtl6T73JiExfWs1g
https://www.youtube.com/watch?v=ADamwlfvlEY,ADamwlfvlEY,PL897F24428E6D825C,UC8p1vwvWtl6T73JiExfWs1g
https://www.youtube.com/watch?v=_COULLXcRv8,_COULLXcRv8,PL897F24428E6D825C,UC8p1vwvWtl6T73JiExfWs1g
https://www.youtube.com/watch?v=KMlGa1eGld8,KMlGa1eGld8,PL897F24428E6D825C,UC8p1vwvWtl6T73JiExfWs1g
https://www.youtube.com/watch?v=cywS5KrIyMk,cywS5KrIyMk,PL897F24428E6D825C,UC8p1vwvWtl6T73JiExfWs1g
https://www.youtube.com/watch?v=25lb6Nuf1U4,25lb6Nuf1U4,PL897F24428E6D825C,UC8p1vwvWtl6T73JiExfWs1g
https://www.youtube.com/watch?v=TPqsUAk0o9c,TPqsUAk0o9c,PL897F24428E6D825C,UC8p1vwvWtl6T73JiExfWs1g
https://www.youtube.com/watch?v=nFkrOI3w_IQ,nFkrOI3w_IQ,PL897F24428E6D825C,UC8p1vwvWtl6T73JiExfWs1g
https://www.youtube.com/watch?v=AKx5wuN_3SE,AKx5wuN_3SE,PL897F24428E6D825C,UC8p1vwvWtl6T73JiExfWs1g
https://www.youtube.com/watch?v=BJmryWOWlRM,BJmryWOWlRM,PL897F24428E6D825C,UC8p1vwvWtl6T73JiExfWs1g
https://www.youtube.com/watch?v=_GlZBNppAmQ,_GlZBNppAmQ,PL897F24428E6D825C,UC8p1vwvWtl6T73JiExfWs1g
https://www.youtube.com/watch?v=VhW3S3xyDHs,VhW3S3xyDHs,PL897F24428E6D825C,UC8p1vwvWtl6T73JiExfWs1g
https://www.youtube.com/watch?v=fLrKAASAG4g,fLrKAASAG4g,PL897F24428E6D825C,UC8p1vwvWtl6T73JiExfWs1g
https://www.youtube.com/watch?v=5_DrDiHk1VU,5_DrDiHk1VU,PL897F24428E6D825C,UC8p1vwvWtl6T73JiExfWs1g
https://www.youtube.com/watch?v=Rl9ScIdrYcw,Rl9ScIdrYcw,PL897F24428E6D825C,UC8p1vwvWtl6T73JiExfWs1g
https://www.youtube.com/watch?v=KU4qBFk1eEk,KU4qBFk1eEk,PL897F24428E6D825C,UC8p1vwvWtl6T73JiExfWs1g
https://www.youtube.com/watch?v=wKojXdtTsWY,wKojXdtTsWY,PL897F24428E6D825C,UC8p1vwvWtl6T73JiExfWs1g
https://www.youtube.com/watch?v=Z0ODZUUUnoY,Z0ODZUUUnoY,PL897F24428E6D825C,UC8p1vwvWtl6T73JiExfWs1g
https://www.youtube.com/watch?v=WKZREDvSXns,WKZREDvSXns,PL897F24428E6D825C,UC8p1vwvWtl6T73JiExfWs1g
https://www.youtube.com/watch?v=gg-5182Pz9U,gg-5182Pz9U,PL897F24428E6D825C,UC8p1vwvWtl6T73JiExfWs1g
https://www.youtube.com/watch?v=8usl5gl-Ub4,8usl5gl-Ub4,PL897F24428E6D825C,UC8p1vwvWtl6T73JiExfWs1g
https://www.youtube.com/watch?v=77hQLUCTnMk,77hQLUCTnMk,PL897F24428E6D825C,UC8p1vwvWtl6T73JiExfWs1g
https://www.youtube.com/watch?v=NuZ2aAa2axg,NuZ2aAa2axg,PL897F24428E6D825C,UC8p1vwvWtl6T73JiExfWs1g
https://www.youtube.com/watch?v=HZJ9JgiYiwg,HZJ9JgiYiwg,PL897F24428E6D825C,UC8p1vwvWtl6T73JiExfWs1g
https://www.youtube.com/watch?v=qHKLDqYPdSw,qHKLDqYPdSw,PL897F24428E6D825C,UC8p1vwvWtl6T73JiExfWs1g
https://www.youtube.com/watch?v=fORcVRdNH70,fORcVRdNH70,PL897F24428E6D825C,UC8p1vwvWtl6T73JiExfWs1g
https://www.youtube.com/watch?v=thTm41CjApM,thTm41CjApM,PL897F24428E6D825C,UC8p1vwvWtl6T73JiExfWs1g
https://www.youtube.com/watch?v=CJybz-DaP6U,CJybz-DaP6U,PL897F24428E6D825C,UC8p1vwvWtl6T73JiExfWs1g
https://www.youtube.com/watch?v=Frro9U853GM,Frro9U853GM,PL897F24428E6D825C,UC8p1vwvWtl6T73JiExfWs1g
https://www.youtube.com/watch?v=o73S5zlCF40,o73S5zlCF40,PL897F24428E6D825C,UC8p1vwvWtl6T73JiExfWs1g
https://www.youtube.com/watch?v=1d0cq4pusaU,1d0cq4pusaU,PL897F24428E6D825C,UC8p1vwvWtl6T73JiExfWs1g
https://www.youtube.com/watch?v=D3vObYK93Ks,D3vObYK93Ks,PL897F24428E6D825C,UC8p1vwvWtl6T73JiExfWs1g
https://www.youtube.com/watch?v=2GPNcdZFaaA,2GPNcdZFaaA,PL897F24428E6D825C,UC8p1vwvWtl6T73JiExfWs1g
https://www.youtube.com/watch?v=NaEzA-9n8nI,NaEzA-9n8nI,PL897F24428E6D825C,UC8p1vwvWtl6T73JiExfWs1g
https://www.youtube.com/watch?v=vCYW2V3ABdA,vCYW2V3ABdA,PL897F24428E6D825C,UC8p1vwvWtl6T73JiExfWs1g
https://www.youtube.com/watch?v=fg7JxImYOi4,fg7JxImYOi4,PL897F24428E6D825C,UC8p1vwvWtl6T73JiExfWs1g
https://www.youtube.com/watch?v=s8bHAD-pDk0,s8bHAD-pDk0,PL897F24428E6D825C,UC8p1vwvWtl6T73JiExfWs1g
https://www.youtube.com/watch?v=XlmLSwbqVH0,XlmLSwbqVH0,PL897F24428E6D825C,UC8p1vwvWtl6T73JiExfWs1g
https://www.youtube.com/watch?v=f-13kDdEWhY,f-13kDdEWhY,PL897F24428E6D825C,UC8p1vwvWtl6T73JiExfWs1g
https://www.youtube.com/watch?v=TzYFhuywpG8,TzYFhuywpG8,PL897F24428E6D825C,UC8p1vwvWtl6T73JiExfWs1g
https://www.youtube.com/watch?v=82sZaSQpj-s,82sZaSQpj-s,PL897F24428E6D825C,UC8p1vwvWtl6T73JiExfWs1g
https://www.youtube.com/watch?v=3EMfRNIYzcY,3EMfRNIYzcY,PL897F24428E6D825C,UC8p1vwvWtl6T73JiExfWs1g
https://www.youtube.com/watch?v=DPOuBfEN63U,DPOuBfEN63U,PL897F24428E6D825C,UC8p1vwvWtl6T73JiExfWs1g
https://www.youtube.com/watch?v=h41EDt9STy4,h41EDt9STy4,PL897F24428E6D825C,UC8p1vwvWtl6T73JiExfWs1g
https://www.youtube.com/watch?v=yPTnvtuCvFM,yPTnvtuCvFM,PL897F24428E6D825C,UC8p1vwvWtl6T73JiExfWs1g
https://www.youtube.com/watch?v=1q_c-szsvj8,1q_c-szsvj8,PL897F24428E6D825C,UC8p1vwvWtl6T73JiExfWs1g
https://www.youtube.com/watch?v=wYeJIINQueE,wYeJIINQueE,PL897F24428E6D825C,UC8p1vwvWtl6T73JiExfWs1g
https://www.youtube.com/watch?v=XaOHorQMHOQ,XaOHorQMHOQ,PL897F24428E6D825C,UC8p1vwvWtl6T73JiExfWs1g
https://www.youtube.com/watch?v=qNByOe8f0WE,qNByOe8f0WE,PL897F24428E6D825C,UC8p1vwvWtl6T73JiExfWs1g
https://www.youtube.com/watch?v=j8Vy9MmINh0,j8Vy9MmINh0,PL897F24428E6D825C,UC8p1vwvWtl6T73JiExfWs1g
https://www.youtube.com/watch?v=LBzj90SgT78,LBzj90SgT78,PL897F24428E6D825C,UC8p1vwvWtl6T73JiExfWs1g
https://www.youtube.com/watch?v=ZuwZgdseB_E,ZuwZgdseB_E,PL897F24428E6D825C,UC8p1vwvWtl6T73JiExfWs1g
https://www.youtube.com/watch?v=NlwRTyB7nbY,NlwRTyB7nbY,PL897F24428E6D825C,UC8p1vwvWtl6T73JiExfWs1g
https://www.youtube.com/watch?v=4V3JzxQjUXA,4V3JzxQjUXA,PL897F24428E6D825C,UC8p1vwvWtl6T73JiExfWs1g
https://www.youtube.com/watch?v=umZRU0dUzFs,umZRU0dUzFs,PL897F24428E6D825C,UC8p1vwvWtl6T73JiExfWs1g
https://www.youtube.com/watch?v=-RHossOhCAY,-RHossOhCAY,PL897F24428E6D825C,UC8p1vwvWtl6T73JiExfWs1g
https://www.youtube.com/watch?v=sry4oO3MbtI,sry4oO3MbtI,PL897F24428E6D825C,UC8p1vwvWtl6T73JiExfWs1g
https://www.youtube.com/watch?v=hlNosLEkh7o,hlNosLEkh7o,PL897F24428E6D825C,UC8p1vwvWtl6T73JiExfWs1g
https://www.youtube.com/watch?v=UV64ZmSDBtQ,UV64ZmSDBtQ,PL897F24428E6D825C,UC8p1vwvWtl6T73JiExfWs1g
https://www.youtube.com/watch?v=gSXs4E4SPKM,gSXs4E4SPKM,PL897F24428E6D825C,UC8p1vwvWtl6T73JiExfWs1g
https://www.youtube.com/watch?v=wAH3g_e58sE,wAH3g_e58sE,PL897F24428E6D825C,UC8p1vwvWtl6T73JiExfWs1g
https://www.youtube.com/watch?v=yFHI17oCjkM,yFHI17oCjkM,PL897F24428E6D825C,UC8p1vwvWtl6T73JiExfWs1g
https://www.youtube.com/watch?v=mjKjfZP5zJo,mjKjfZP5zJo,PL897F24428E6D825C,UC8p1vwvWtl6T73JiExfWs1g
https://www.youtube.com/watch?v=JSCdWt1Y2o8,JSCdWt1Y2o8,PL897F24428E6D825C,UC8p1vwvWtl6T73JiExfWs1g
https://www.youtube.com/watch?v=IJyDECtSNiI,IJyDECtSNiI,PL897F24428E6D825C,UC8p1vwvWtl6T73JiExfWs1g
https://www.youtube.com/watch?v=EScf9StcZXg,EScf9StcZXg,PL897F24428E6D825C,UC8p1vwvWtl6T73JiExfWs1g
https://www.youtube.com/watch?v=Ew5aPMRHtxw,Ew5aPMRHtxw,PL897F24428E6D825C,UC8p1vwvWtl6T73JiExfWs1g
https://www.youtube.com/watch?v=QwxPLGwKQd0,QwxPLGwKQd0,PL897F24428E6D825C,UC8p1vwvWtl6T73JiExfWs1g
https://www.youtube.com/watch?v=0cnUpyzKp9E,0cnUpyzKp9E,PL897F24428E6D825C,UC8p1vwvWtl6T73JiExfWs1g
https://www.youtube.com/watch?v=7yoyndSfH7c,7yoyndSfH7c,PL897F24428E6D825C,UC8p1vwvWtl6T73JiExfWs1g
https://www.youtube.com/watch?v=Dt1Umf_6E1M,Dt1Umf_6E1M,PL897F24428E6D825C,UC8p1vwvWtl6T73JiExfWs1g
https://www.youtube.com/watch?v=cSI20u9yDfc,cSI20u9yDfc,PL897F24428E6D825C,UC8p1vwvWtl6T73JiExfWs1g
https://www.youtube.com/watch?v=jgp2udCRRH4,jgp2udCRRH4,PL897F24428E6D825C,UC8p1vwvWtl6T73JiExfWs1g
https://www.youtube.com/watch?v=BmLO5NtzZKU,BmLO5NtzZKU,PL897F24428E6D825C,UC8p1vwvWtl6T73JiExfWs1g
https://www.youtube.com/watch?v=waB6MI0FJO0,waB6MI0FJO0,PL897F24428E6D825C,UC8p1vwvWtl6T73JiExfWs1g
https://www.youtube.com/watch?v=6ShUoNkBZ3c,6ShUoNkBZ3c,PL897F24428E6D825C,UC8p1vwvWtl6T73JiExfWs1g
https://www.youtube.com/watch?v=znvXS94wiQA,znvXS94wiQA,PL897F24428E6D825C,UC8p1vwvWtl6T73JiExfWs1g
https://www.youtube.com/watch?v=aYEQzkXjzqk,aYEQzkXjzqk,PL897F24428E6D825C,UC8p1vwvWtl6T73JiExfWs1g
https://www.youtube.com/watch?v=gtTySQd9lok,gtTySQd9lok,PL897F24428E6D825C,UC8p1vwvWtl6T73JiExfWs1g
https://www.youtube.com/watch?v=K3ZkKdBqYyw,K3ZkKdBqYyw,PL897F24428E6D825C,UC8p1vwvWtl6T73JiExfWs1g
https://www.youtube.com/watch?v=z2e_w-TWF_0,z2e_w-TWF_0,PL897F24428E6D825C,UC8p1vwvWtl6T73JiExfWs1g
https://www.youtube.com/watch?v=QCG0nbwtYww,QCG0nbwtYww,PL897F24428E6D825C,UC8p1vwvWtl6T73JiExfWs1g
https://www.youtube.com/watch?v=iW8J6tkSbbk,iW8J6tkSbbk,PL897F24428E6D825C,UC8p1vwvWtl6T73JiExfWs1g
https://www.youtube.com/watch?v=ldCAoCXbRHQ,ldCAoCXbRHQ,PL897F24428E6D825C,UC8p1vwvWtl6T73JiExfWs1g
https://www.youtube.com/watch?v=T46VcF1qVX4,T46VcF1qVX4,PL897F24428E6D825C,UC8p1vwvWtl6T73JiExfWs1g
https://www.youtube.com/watch?v=yAYCcQCoaAA,yAYCcQCoaAA,PL897F24428E6D825C,UC8p1vwvWtl6T73JiExfWs1g
https://www.youtube.com/watch?v=l7Q8-WrG_pQ,l7Q8-WrG_pQ,PL897F24428E6D825C,UC8p1vwvWtl6T73JiExfWs1g
https://www.youtube.com/watch?v=qwcoGJvHJ_4,qwcoGJvHJ_4,PL897F24428E6D825C,UC8p1vwvWtl6T73JiExfWs1g
https://www.youtube.com/watch?v=Pin6ixDjYic,Pin6ixDjYic,PL897F24428E6D825C,UC8p1vwvWtl6T73JiExfWs1g
https://www.youtube.com/watch?v=Mt6y7RKtKkQ,Mt6y7RKtKkQ,PL897F24428E6D825C,UC8p1vwvWtl6T73JiExfWs1g
https://www.youtube.com/watch?v=j00iq4UXUp4,j00iq4UXUp4,PL897F24428E6D825C,UC8p1vwvWtl6T73JiExfWs1g
https://www.youtube.com/watch?v=jccTQc35YC0,jccTQc35YC0,PL897F24428E6D825C,UC8p1vwvWtl6T73JiExfWs1g
https://www.youtube.com/watch?v=ToYaz3-OYQA,ToYaz3-OYQA,PL897F24428E6D825C,UC8p1vwvWtl6T73JiExfWs1g
https://www.youtube.com/watch?v=5LnyAvoZjfo,5LnyAvoZjfo,PL897F24428E6D825C,UC8p1vwvWtl6T73JiExfWs1g
https://www.youtube.com/watch?v=GA1vO14M8-I,GA1vO14M8-I,PL897F24428E6D825C,UC8p1vwvWtl6T73JiExfWs1g
https://www.youtube.com/watch?v=nLIrsT-Cqdw,nLIrsT-Cqdw,PL897F24428E6D825C,UC8p1vwvWtl6T73JiExfWs1g
https://www.youtube.com/watch?v=hXWbGUjodZY,hXWbGUjodZY,PL897F24428E6D825C,UC8p1vwvWtl6T73JiExfWs1g
https://www.youtube.com/watch?v=fAsjDADLQTs,fAsjDADLQTs,PL897F24428E6D825C,UC8p1vwvWtl6T73JiExfWs1g
https://www.youtube.com/watch?v=MYvoQ5HHch8,MYvoQ5HHch8,PL897F24428E6D825C,UC8p1vwvWtl6T73JiExfWs1g
https://www.youtube.com/watch?v=2lHHOMmkMyA,2lHHOMmkMyA,PL897F24428E6D825C,UC8p1vwvWtl6T73JiExfWs1g
https://www.youtube.com/watch?v=Oi0i-ra2Xmw,Oi0i-ra2Xmw,PL897F24428E6D825C,UC8p1vwvWtl6T73JiExfWs1g
https://www.youtube.com/watch?v=Cway9WG7rhY,Cway9WG7rhY,PL897F24428E6D825C,UC8p1vwvWtl6T73JiExfWs1g
https://www.youtube.com/watch?v=FLnswa7Nmtc,FLnswa7Nmtc,PL897F24428E6D825C,UC8p1vwvWtl6T73JiExfWs1g
https://www.youtube.com/watch?v=P62-rYzPo1Y,P62-rYzPo1Y,PL897F24428E6D825C,UC8p1vwvWtl6T73JiExfWs1g
https://www.youtube.com/watch?v=mILb4YzJKoQ,mILb4YzJKoQ,PL897F24428E6D825C,UC8p1vwvWtl6T73JiExfWs1g
https://www.youtube.com/watch?v=-_SVXvMd2Hc,-_SVXvMd2Hc,PL897F24428E6D825C,UC8p1vwvWtl6T73JiExfWs1g
https://www.youtube.com/watch?v=TvJdB-rmxm8,TvJdB-rmxm8,PL897F24428E6D825C,UC8p1vwvWtl6T73JiExfWs1g
https://www.youtube.com/watch?v=INGfm6X1Yu0,INGfm6X1Yu0,PL897F24428E6D825C,UC8p1vwvWtl6T73JiExfWs1g
https://www.youtube.com/watch?v=ZAhv1i7lhCk,ZAhv1i7lhCk,PL897F24428E6D825C,UC8p1vwvWtl6T73JiExfWs1g
https://www.youtube.com/watch?v=L1y6S6DrISg,L1y6S6DrISg,PL897F24428E6D825C,UC8p1vwvWtl6T73JiExfWs1g
https://www.youtube.com/watch?v=r-mefyjVtIg,r-mefyjVtIg,PL897F24428E6D825C,UC8p1vwvWtl6T73JiExfWs1g
https://www.youtube.com/watch?v=0uqScbb8Pio,0uqScbb8Pio,PL897F24428E6D825C,UC8p1vwvWtl6T73JiExfWs1g
https://www.youtube.com/watch?v=G53h-SeBx80,G53h-SeBx80,PL897F24428E6D825C,UC8p1vwvWtl6T73JiExfWs1g
https://www.youtube.com/watch?v=kDG7yt9pEek,kDG7yt9pEek,PL897F24428E6D825C,UC8p1vwvWtl6T73JiExfWs1g
https://www.youtube.com/watch?v=BrP3JfrfgLE,BrP3JfrfgLE,PL897F24428E6D825C,UC8p1vwvWtl6T73JiExfWs1g
https://www.youtube.com/watch?v=ENbsHhz4kks,ENbsHhz4kks,PL897F24428E6D825C,UC8p1vwvWtl6T73JiExfWs1g
